Age Range,Sex,CP,Trestbps range,Chol range,Fbs,Restecg,Thalach range,Exang,Oldpeak range,Slope,Ca,Thal,Num
1,1,2,3,2,0,2,4,0,1,1,0,3,0
1,1,1,2,1,0,2,3,0,1,1,0,3,0
1,0,2,2,2,0,0,3,0,1,1,0,3,0
1,1,4,3,3,0,2,2,1,1,1,0,7,1
1,1,2,3,1,0,0,3,0,1,1,0,3,0
1,0,4,3,1,0,0,3,0,1,1,0,3,0
1,1,4,3,1,0,0,2,1,1,2,0,7,1
1,0,3,3,2,0,0,3,0,1,1,0,3,0
1,1,3,3,3,0,0,3,0,2,3,0,3,0
1,1,3,3,1,0,0,3,0,1,1,?,3,0
1,1,1,3,2,0,0,3,1,2,2,0,7,4
1,0,3,3,2,0,0,2,0,1,2,0,3,0
1,0,3,2,1,0,0,3,0,1,1,0,3,0
1,1,3,4,3,0,2,3,0,1,1,0,3,0
1,1,4,2,2,0,0,2,0,1,2,0,7,3
1,1,4,4,2,0,0,3,0,1,1,0,7,1
1,1,1,4,1,0,0,3,1,1,1,0,7,0
1,1,4,2,1,0,2,1,1,2,2,0,7,3
2,1,2,3,2,0,0,2,0,1,2,0,6,0
2,1,2,2,2,0,0,2,0,1,1,0,3,0
2,1,4,2,1,0,2,2,0,1,1,0,7,1
2,0,2,3,3,0,0,3,0,1,1,0,3,0
2,0,2,2,1,0,0,3,0,1,1,1,3,0
2,0,3,2,3,0,2,3,1,1,1,0,3,0
2,1,3,2,3,0,0,3,0,1,1,0,3,0
2,1,2,3,1,0,0,3,0,1,1,0,3,0
2,0,2,3,2,0,2,3,0,1,1,0,3,0
2,1,3,3,2,0,2,3,0,2,2,0,3,0
2,1,3,3,1,0,0,2,0,1,1,0,3,0
2,1,2,3,3,0,0,3,0,1,1,0,3,0
2,0,3,3,2,0,0,3,0,1,2,0,3,0
2,1,4,4,2,0,0,3,0,1,1,0,3,0
2,0,4,2,3,0,2,2,0,1,2,0,3,0
2,1,1,4,3,0,2,3,0,1,1,2,3,0
2,1,3,3,3,1,0,3,0,1,3,0,7,0
2,1,4,3,3,0,0,2,1,1,2,0,6,2
2,1,4,2,2,0,0,3,0,1,1,0,7,0
2,1,4,3,3,1,2,2,1,1,2,?,7,1
2,0,3,3,2,0,0,3,0,1,2,0,3,0
2,1,4,2,3,0,0,3,0,1,2,0,3,0
2,1,4,4,3,0,0,3,0,1,1,0,3,0
2,1,3,3,3,0,0,3,0,1,1,1,3,0
2,1,4,3,1,0,2,2,1,2,2,0,7,3
2,0,4,3,3,1,2,2,1,2,2,0,7,2
2,1,4,2,3,0,2,2,0,1,1,1,3,2
2,1,3,3,2,0,0,3,0,1,1,0,3,0
2,1,2,3,2,0,0,3,0,1,1,0,3,0
2,1,2,3,3,0,0,3,0,1,1,0,7,0
2,1,4,2,1,0,2,3,0,1,1,1,3,1
2,1,3,4,2,0,2,3,0,1,1,0,3,0
2,1,2,3,2,0,2,3,0,1,1,0,3,0
2,0,3,2,3,0,0,2,0,1,2,1,3,0
2,1,3,3,2,0,0,3,1,1,1,0,3,0
2,0,3,2,1,0,0,3,0,1,2,0,3,0
2,1,4,3,1,0,0,2,1,2,3,0,6,2
2,0,2,2,1,0,0,2,0,1,2,0,3,0
2,1,4,4,3,0,2,2,1,1,2,3,7,3
2,1,2,3,3,0,2,3,0,1,1,0,3,0
2,1,4,2,3,0,2,3,0,1,1,0,3,0
2,0,4,3,2,0,2,2,1,1,2,0,3,0
2,0,2,3,2,0,2,3,0,1,2,0,3,0
2,1,1,2,3,0,0,2,0,1,2,0,7,1
2,1,4,2,2,0,2,2,1,2,2,0,3,0
2,0,4,3,3,0,2,2,1,1,2,0,3,0
2,1,2,2,1,1,0,2,0,1,1,0,7,0
2,0,2,2,2,0,0,3,0,1,1,0,3,0
2,1,4,3,3,0,2,2,0,1,1,0,7,1
2,0,3,4,1,0,2,3,1,1,3,0,3,0
2,1,4,4,3,0,0,2,1,1,2,2,7,2
2,1,3,4,2,0,0,2,0,2,2,0,3,1
2,1,3,2,3,0,0,2,0,1,1,0,3,1
2,1,3,3,3,0,2,2,0,1,1,0,3,0
2,1,3,3,3,0,0,3,0,1,1,0,3,0
2,1,4,2,2,0,0,2,0,1,1,0,3,0
2,1,4,2,3,0,2,1,1,1,2,1,3,1
2,1,4,3,3,1,2,2,1,1,1,2,7,3
2,1,3,3,3,1,0,3,0,1,1,2,3,0
2,1,4,3,2,0,2,3,0,1,1,0,3,0
2,0,3,3,3,0,0,2,0,1,1,0,3,0
2,1,2,3,3,0,2,3,0,1,2,0,3,0
2,1,4,3,3,0,2,3,0,1,2,0,7,3
2,1,2,2,2,0,0,3,0,1,3,0,7,1
2,0,2,3,3,0,0,3,0,1,2,0,3,0
2,0,4,3,3,0,0,3,0,1,1,0,3,0
2,1,2,3,3,0,0,3,0,1,1,0,3,0
2,1,3,2,1,0,2,2,0,1,1,3,3,1
2,1,3,3,1,0,0,2,0,2,2,3,7,3
2,0,4,2,3,0,2,2,0,1,1,0,3,0
2,1,3,3,1,0,0,3,0,1,1,0,3,0
2,1,3,4,2,0,0,3,0,1,2,1,7,1
2,1,4,4,2,0,2,2,1,1,2,0,7,3
2,0,2,3,3,0,0,3,0,1,1,0,3,0
2,0,3,3,2,0,0,2,0,1,2,0,3,0
2,1,4,4,3,0,2,2,0,2,2,0,7,4
2,1,3,2,2,0,0,2,1,1,1,1,7,0
2,1,4,4,3,0,2,3,1,1,1,0,3,0
2,0,3,3,3,0,2,2,0,1,1,0,3,0
2,1,3,2,1,0,0,2,0,1,1,0,3,0
2,0,3,3,3,0,2,2,0,1,1,0,3,0
2,0,4,3,3,0,0,2,1,1,2,0,7,2
2,1,3,2,2,0,0,2,1,1,2,0,3,0
2,1,1,3,2,0,2,2,1,1,1,1,3,0
2,0,3,4,3,0,2,2,0,1,1,1,3,0
2,1,4,4,3,0,0,3,1,1,1,0,7,1
2,1,3,3,3,1,2,3,0,2,2,0,3,0
2,1,4,4,3,0,0,2,1,3,2,3,7,3
2,1,4,2,2,0,0,3,0,1,1,1,3,1
2,1,4,3,3,0,0,3,1,1,1,1,7,1
2,1,3,3,2,0,0,3,0,1,1,?,3,0
2,1,2,3,2,1,0,3,0,1,1,0,3,0
2,1,1,2,1,0,2,3,0,1,2,0,6,0
2,1,4,2,2,1,0,2,0,1,1,3,7,0
2,0,3,3,1,0,2,3,0,1,2,0,3,0
2,1,2,3,3,0,0,3,0,1,1,0,3,0
2,1,3,4,1,1,0,3,0,1,1,0,7,0
2,1,2,3,2,0,0,2,0,1,1,1,3,0
2,1,4,3,2,1,0,2,1,1,2,0,?,2
2,1,4,3,2,0,0,3,0,1,1,2,7,3
2,1,1,4,3,1,0,3,0,1,2,0,7,0
2,1,4,4,2,0,2,1,1,1,1,0,7,0
2,0,3,3,2,0,2,1,0,1,1,0,?,0
2,0,4,3,2,0,2,3,0,1,1,0,3,0
2,1,3,3,3,1,2,3,0,1,1,3,3,0
2,0,4,3,3,0,2,2,0,1,2,0,3,0
2,1,3,3,1,1,2,2,0,1,3,0,3,0
2,1,4,3,3,0,0,1,1,2,2,2,7,3
2,1,4,4,2,1,2,2,1,2,3,0,7,1
3,1,4,2,2,0,2,1,1,1,2,1,3,3
3,1,2,2,3,0,0,2,0,1,1,0,7,0
3,0,2,3,3,1,2,2,1,1,1,1,3,0
3,0,3,4,2,0,0,3,0,1,1,1,3,0
3,0,3,2,3,0,2,3,0,1,1,0,3,0
3,0,3,3,3,1,0,3,0,1,1,0,3,0
3,1,2,4,3,0,2,3,0,1,1,1,7,1
3,1,3,3,3,0,2,2,0,1,2,0,7,0
3,1,3,3,3,0,2,2,0,1,3,1,3,0
3,1,4,4,2,0,0,3,0,1,1,0,3,0
3,1,4,3,1,0,0,1,0,1,2,1,7,2
3,0,3,2,2,0,0,2,0,1,2,0,3,0
3,1,3,4,2,0,2,3,0,1,1,0,7,0
3,1,4,3,3,0,2,1,1,2,2,1,7,1
3,1,4,2,2,0,0,2,1,2,2,1,7,3
3,1,4,3,3,0,2,1,1,2,2,2,3,3
3,1,2,3,3,0,0,2,0,1,1,0,3,0
3,1,4,4,3,0,2,2,1,1,2,1,7,4
3,1,4,3,3,0,0,2,1,1,2,1,7,3
3,0,2,3,3,0,0,3,0,1,1,0,3,0
3,0,2,3,3,0,2,3,0,1,2,0,3,0
3,0,4,3,2,0,1,2,1,2,2,1,7,3
3,0,4,4,3,0,1,1,1,2,2,0,3,2
3,1,4,4,2,0,0,1,1,3,3,0,7,3
3,1,2,3,2,0,2,3,0,1,1,0,7,0
3,1,2,3,3,0,0,3,0,1,3,0,3,0
3,1,3,3,3,1,2,2,1,1,2,1,6,2
3,1,2,3,2,0,0,3,0,1,1,0,3,0
3,1,4,3,3,1,2,2,1,1,2,1,3,1
3,0,2,4,3,0,2,2,0,1,2,0,3,0
3,1,4,3,3,1,2,1,1,1,3,0,7,2
3,0,4,3,3,0,2,2,1,1,2,2,7,2
3,1,1,3,1,0,2,3,0,1,2,0,7,0
3,1,4,3,1,0,2,1,1,2,2,1,6,1
3,0,4,4,3,1,2,2,1,3,3,2,7,3
3,0,4,3,3,0,2,2,0,1,1,1,3,0
3,1,2,4,2,0,2,3,0,1,1,1,3,1
3,1,4,3,2,0,0,3,1,1,1,0,7,0
3,0,2,3,2,0,2,3,0,1,2,1,3,1
3,0,4,4,3,0,0,2,1,1,2,0,7,1
3,1,3,4,1,1,0,3,0,1,1,1,7,0
3,1,2,3,3,0,0,2,0,1,1,0,7,1
3,1,4,4,1,0,0,2,0,1,2,0,6,0
3,1,3,3,2,0,2,2,0,1,2,1,7,1
3,1,4,4,3,0,2,1,1,1,2,1,6,1
3,0,4,3,3,0,0,3,1,1,1,0,3,0
3,1,4,4,3,1,2,2,0,1,2,3,7,4
3,1,4,4,3,0,0,1,1,1,2,1,7,1
3,1,4,3,1,0,0,1,1,1,2,1,7,3
3,1,4,2,2,0,0,2,1,1,2,0,6,0
3,1,3,4,1,0,0,3,0,1,1,0,3,0
3,1,4,2,3,0,0,2,1,2,2,1,7,2
3,0,2,3,3,1,2,2,0,1,1,2,3,3
3,1,3,4,2,1,2,3,0,1,1,0,3,0
3,1,4,3,3,0,2,3,0,1,1,2,7,1
3,0,3,3,3,0,0,3,0,1,1,0,3,0
3,1,4,2,2,0,0,2,0,1,1,1,7,2
3,1,2,3,2,0,0,2,0,1,2,?,7,0
3,0,4,3,1,0,0,2,0,1,2,0,3,0
3,1,3,2,3,0,2,2,1,1,2,0,7,0
3,1,4,4,3,0,2,1,1,1,1,0,7,3
3,0,4,2,3,0,2,2,0,1,2,0,3,0
3,0,1,4,3,1,2,3,0,1,1,0,3,0
3,1,2,3,3,0,2,3,0,1,2,0,3,1
3,1,4,4,2,0,0,1,0,2,2,1,7,1
3,1,4,3,2,0,2,2,1,2,2,3,7,1
3,1,3,2,2,0,2,3,0,2,2,1,7,4
3,0,4,4,2,1,2,2,1,2,2,2,6,2
3,1,4,3,3,0,2,2,1,2,2,2,7,3
3,1,3,3,2,0,2,3,0,2,1,2,7,3
3,1,4,2,3,0,1,2,0,3,3,3,6,4
3,1,1,4,3,0,2,2,0,1,1,0,3,1
3,0,4,4,3,0,0,2,1,1,2,0,3,1
3,1,4,4,1,0,0,3,1,1,1,1,7,2
3,1,2,4,2,0,0,3,1,1,1,0,3,0
3,1,4,3,3,0,2,3,0,1,1,0,3,0
3,1,1,4,3,0,2,2,0,1,2,0,7,1
3,1,4,3,2,0,0,3,0,1,2,0,7,0
3,1,1,3,2,0,0,3,0,1,1,2,3,1
3,1,4,4,1,1,2,1,0,1,2,2,6,3
3,1,4,2,2,0,2,2,1,1,2,1,7,2
3,1,3,4,2,1,0,2,0,1,1,0,3,0
3,1,3,3,2,1,0,2,0,2,2,1,6,2
3,1,4,4,3,0,2,2,1,2,3,0,7,2
3,1,1,4,3,0,2,2,0,3,3,0,7,0
3,0,3,3,1,1,0,1,0,1,1,0,3,0
3,0,3,2,3,0,0,3,0,1,1,1,3,0
3,0,4,4,3,0,2,3,0,1,1,0,3,1
3,0,1,4,3,0,0,3,0,1,1,0,3,0
3,1,4,4,3,0,2,3,0,1,2,2,7,2
3,1,4,3,3,0,0,2,1,1,1,1,7,1
3,1,4,2,2,1,0,3,1,1,1,2,7,2
3,1,4,3,2,0,2,2,1,2,2,2,7,4
3,0,4,4,3,0,2,2,0,2,2,2,7,3
3,1,4,3,3,0,2,2,1,2,2,1,7,1
3,1,4,4,3,0,2,2,1,2,2,2,7,2
3,1,3,4,1,0,2,2,0,2,2,0,3,1
3,1,4,4,2,0,0,3,0,1,1,1,7,2
3,0,4,3,3,0,2,3,0,1,1,0,3,1
3,1,3,4,3,1,0,2,1,1,2,0,3,0
3,0,4,4,3,0,2,2,1,1,2,0,7,1
3,1,4,4,2,0,2,2,1,1,1,1,7,1
3,1,1,3,2,0,0,2,0,2,2,2,3,2
3,1,4,3,1,0,2,2,1,2,2,1,3,4
3,1,4,3,3,0,0,2,1,2,2,1,7,2
3,1,2,3,2,1,2,2,0,1,1,0,3,0
3,0,4,3,2,0,0,3,0,1,1,0,3,0
3,0,3,3,3,0,0,1,0,1,2,1,7,2
3,0,4,4,3,0,2,2,0,1,2,0,3,0
3,1,2,3,3,0,2,1,0,1,2,1,7,3
3,0,4,4,3,0,0,2,1,1,2,0,3,1
3,1,4,3,3,0,0,1,1,1,2,2,7,1
3,1,3,3,2,0,0,2,0,1,2,3,7,0
3,0,4,3,3,1,0,1,0,1,2,3,3,2
3,0,4,4,3,0,2,3,0,2,3,2,3,3
3,0,4,4,1,0,2,2,0,3,3,3,7,3
3,0,4,3,1,0,0,2,1,1,2,0,3,1
3,0,3,3,3,0,2,3,0,1,1,0,3,0
3,0,2,4,1,0,0,3,0,1,1,2,3,0
3,1,4,3,3,0,2,2,0,1,2,1,7,2
3,1,4,3,3,1,2,2,1,1,1,3,7,3
3,0,4,2,3,0,0,3,1,1,2,2,3,1
3,1,1,4,2,1,2,2,0,2,3,0,6,0
3,1,4,4,1,0,2,2,1,3,1,2,7,2
3,0,4,4,3,0,2,2,0,3,2,3,7,4
3,0,4,4,3,0,0,2,1,1,1,0,3,0
3,1,3,4,3,0,0,2,0,1,1,0,3,1
3,1,4,3,3,0,0,1,1,1,2,1,7,0
3,0,3,4,3,0,0,2,0,1,1,0,7,0
3,1,1,4,2,0,2,2,0,1,2,0,7,0
3,1,3,3,3,0,0,2,1,1,2,0,7,1
3,1,1,2,2,0,2,2,1,1,2,0,3,0
3,0,4,3,3,0,0,2,0,2,2,2,3,0
3,1,4,4,2,0,2,2,0,2,2,2,6,4
3,1,4,3,3,0,2,1,1,2,3,1,3,3
3,1,4,3,1,0,0,2,0,1,1,0,7,0
3,1,4,2,3,0,2,2,0,1,1,2,6,1
3,0,3,4,3,0,0,2,0,1,1,0,3,0
3,0,3,4,3,0,2,2,0,1,1,0,3,0
3,0,3,4,3,1,2,2,0,1,1,1,3,0
3,0,4,4,2,0,2,1,0,1,2,3,7,4
3,1,1,3,3,1,2,3,0,1,2,1,3,1
3,1,4,3,3,0,2,2,0,2,2,1,7,2
4,1,2,4,3,0,0,2,1,1,2,3,6,2
4,0,3,4,3,0,2,2,0,1,2,1,3,0
4,1,4,2,2,0,2,2,1,1,1,1,3,2
4,1,4,3,3,0,2,2,0,1,2,0,3,0
4,0,4,4,2,1,0,3,1,1,2,2,7,3
4,1,4,4,2,0,2,2,0,2,1,0,6,0
4,0,1,4,2,0,0,1,0,2,3,0,3,0
4,0,3,4,3,0,0,3,0,1,1,1,3,0
4,1,4,3,3,1,0,3,0,1,2,2,7,3
4,0,4,2,2,0,0,2,0,1,1,2,3,0
4,1,3,4,2,0,2,2,0,1,2,0,7,1
4,1,4,2,3,0,2,2,1,1,2,2,3,3
4,1,4,3,2,0,0,1,0,1,2,0,3,2
4,1,4,4,3,0,2,1,1,1,2,3,3,2
4,0,3,2,3,0,2,3,0,1,2,0,7,0
4,1,4,3,2,0,2,2,1,2,2,2,7,1
4,1,3,2,3,0,0,2,0,1,1,1,7,0
4,0,3,3,2,0,2,1,0,1,2,0,3,0
4,1,3,4,3,1,2,2,1,1,2,0,7,3
4,1,4,4,1,1,0,2,0,2,2,2,7,2
4,1,1,4,2,1,2,2,0,1,2,1,3,0
4,0,1,4,2,0,0,2,0,1,1,2,3,0
4,1,3,4,3,0,2,2,0,2,2,3,7,2
4,1,2,4,3,0,2,2,0,1,1,0,3,0
4,1,4,3,3,0,2,1,0,2,2,3,3,1
4,1,4,4,1,0,0,2,1,2,3,0,7,4
4,1,3,4,3,0,0,1,1,2,2,1,7,3
4,0,3,2,3,1,2,2,0,1,1,1,3,0
4,0,2,4,3,0,0,3,0,1,1,2,3,0
4,0,4,2,1,0,0,2,0,1,2,0,3,0
4,0,2,3,3,0,2,2,1,1,1,1,3,0
4,0,3,4,1,0,1,1,0,1,2,0,3,0
4,1,4,3,3,0,2,3,1,1,1,3,3,4
